{
  "data": [
    {
      "treatment": "Low Headroom",
      "treasury_share_net": 0.091115731010365,
      "fed_balance_net": 0.0026454821087471,
      "treasury_inventory_net": 0.0247196097448738
    },
    {
      "treatment": "Covered Bank",
      "treasury_share_net": 0.0985905057722696,
      "fed_balance_net": -0.0044607438810115,
      "treasury_inventory_net": 0.0197048735538838
    }
  ]
}
