{
  "data": [
    {
      "treatment": "Low Headroom",
      "treasury_share_net": 0.091115731010365,
      "fed_balance_net": 0.0026454821087471,
      "treasury_inventory_net": 0.0247196097448738
    },
    {
      "treatment": "Covered Bank",
      "treasury_share_net": -0.0099892722800896,
      "fed_balance_net": 0.0066487655514046,
      "treasury_inventory_net": 0.006826224645856
    }
  ]
}
