policy_regime,family_quarter_count,linked_parent_count,mean_bank_entity_count,matched_dominant_constraint_share,both_duration_loss_share,bank_duration_loss_family_share,parent_duration_loss_share,mean_bank_ust_share_assets,mean_parent_ust_share_assets,mean_bank_minus_parent_ust_share_assets,mean_bank_minus_parent_ust_share_assets_qoq
temporary_exclusion,30,15,1.3333333333333333,0.6333333333333333,0.0,0.1,0.0,0.06746357826197606,0.06679464443336655,0.0006689338286094998,-0.007280902149252899
post_exclusion_normalization,60,16,1.3333333333333333,0.8166666666666667,0.1,0.24166666666666667,0.11666666666666667,0.07632158523251634,0.07386509169653073,0.0024564935359855907,0.0009825250886392426
duration_loss_window,105,15,1.2857142857142858,0.6476190476190476,0.4857142857142857,0.6904761904761905,0.6571428571428571,0.07114122878786433,0.07377578671125613,-0.002634557923391799,-0.0006490272693322128
late_qt_normalization,120,15,1.2666666666666666,0.7083333333333334,0.19166666666666668,0.4166666666666667,0.31666666666666665,0.07682991226219013,0.07972536987372851,-0.002895457611538375,0.0005022992339708979
